tamanho,tempo
10000,0.002949
30000,0.021799
50000,0.057699
70000,0.110940
90000,0.180501
110000,0.268249
130000,0.374300
150000,0.494348
