tamanho,tempo
10000,0.003600
30000,0.022481
50000,0.075715
70000,0.103921
90000,0.181056
110000,0.281739
130000,0.449248
150000,0.740837
