tamanho,tempo
10000,0.164599
30000,1.484537
50000,4.120374
70000,8.078723
90000,13.347597
110000,19.952395
130000,27.858807
150000,37.366289
