tamanho,tempo
10000,0.221301
30000,1.933977
50000,5.372440
70000,10.528137
90000,17.386196
110000,25.964009
130000,36.269591
150000,48.294312
