tamanho,tempo
10000,0.165408
30000,1.545741
50000,5.359941
70000,8.519056
90000,13.624666
110000,21.050392
130000,31.208947
150000,39.930580
