tamanho,tempo
10000,0.233051
30000,2.436744
50000,6.913064
70000,13.886124
90000,22.901585
110000,34.405417
130000,48.207285
150000,65.112099
