tamanho,tempo
10000,0.222703
30000,2.325666
50000,6.715384
70000,13.384036
90000,22.274511
110000,33.374099
130000,46.704394
150000,62.467533
