tamanho,tempo
10000,0.143397
30000,1.046532
50000,2.941077
70000,5.732188
90000,9.548037
110000,14.146228
130000,19.877084
150000,26.470300
