tamanho,tempo
10000,0.115944
30000,0.944334
50000,2.618896
70000,5.139738
90000,8.506483
110000,12.677687
130000,17.714001
150000,23.581546
