tamanho,tempo
10000,0.180359
30000,1.644449
50000,4.553322
70000,8.958700
90000,14.818868
110000,22.095505
130000,30.913133
150000,41.097381
