tamanho,tempo
10000,0.196806
30000,1.652593
50000,4.539586
70000,9.113667
90000,14.811991
110000,22.263002
130000,31.250184
150000,41.058647
