tamanho,tempo
100000,0.027356
200000,0.058744
300000,0.091985
400000,0.126188
500000,0.160463
600000,0.196613
700000,0.234234
800000,0.273300
