tamanho,tempo
10000,0.002151
30000,0.007199
50000,0.012654
70000,0.018391
90000,0.024300
110000,0.030357
130000,0.036503
150000,0.042822
