tamanho,tempo
100000,0.025639
200000,0.055898
300000,0.087544
400000,0.120564
500000,0.151400
600000,0.191583
700000,0.227211
800000,0.268117
