tamanho,tempo
100000,0.018592
200000,0.039892
300000,0.060145
400000,0.097306
500000,0.104528
600000,0.128607
700000,0.152762
800000,0.172610
