tamanho,tempo
10000,0.001837
30000,0.006018
50000,0.010672
70000,0.015090
90000,0.019852
110000,0.024625
130000,0.029386
150000,0.034350
