tamanho,tempo
100000,0.047191
200000,0.040694
300000,0.062507
400000,0.085743
500000,0.106984
600000,0.129603
700000,0.153941
800000,0.176535
