tamanho,tempo
10000,0.001768
30000,0.005791
50000,0.010023
70000,0.014489
90000,0.019076
110000,0.023760
130000,0.028440
150000,0.033230
