tamanho,tempo
100000,0.021359
200000,0.045310
300000,0.070256
400000,0.095290
500000,0.120993
600000,0.147184
700000,0.173711
800000,0.200308
