tamanho,tempo
100000,0.029098
200000,0.046893
300000,0.072356
400000,0.099235
500000,0.124997
600000,0.152500
700000,0.179633
800000,0.206970
