tamanho,tempo
10000,0.114649
30000,1.026767
50000,2.847642
70000,5.598796
90000,9.258325
110000,13.804035
130000,19.322853
150000,25.652851
