tamanho,tempo
10000,0.116462
30000,1.015084
50000,2.803510
70000,5.480614
90000,9.045173
110000,13.498020
130000,18.841428
150000,25.086019
