tamanho,tempo
10000,0.148039
30000,1.002824
50000,2.780472
70000,5.444112
90000,8.999449
110000,13.443186
130000,18.774822
150000,24.996402
