tamanho,tempo
10000,0.140852
30000,1.026299
50000,2.846494
70000,5.583254
90000,9.219191
110000,13.829795
130000,19.273881
150000,25.749091
