tamanho,tempo
10000,0.124126
30000,1.105927
50000,3.077135
70000,6.017450
90000,9.930357
110000,15.394571
130000,21.214570
150000,27.733041
