tamanho,tempo
10000,0.159400
30000,1.449548
50000,4.025503
70000,7.928213
90000,13.077192
110000,19.515606
130000,27.272491
150000,36.299461
