tamanho,tempo
10000,0.093459
30000,0.582830
50000,1.621219
70000,3.254518
90000,5.795469
110000,8.551694
130000,12.366329
150000,17.216147
