tamanho,tempo
10000,0.096120
30000,0.569572
50000,1.611539
70000,3.176762
90000,5.262298
110000,7.723526
130000,10.657130
150000,14.243510
