tamanho,tempo
10000,0.075286
30000,0.645822
50000,1.810558
70000,3.612390
90000,6.007548
110000,8.875424
130000,12.524775
150000,16.647274
