tamanho,tempo
10000,0.159189
30000,1.151465
50000,3.175446
70000,6.216229
90000,10.282120
110000,15.307534
130000,21.423833
150000,28.649240
