tamanho,tempo
10000,0.000307
30000,0.000581
50000,0.001146
70000,0.001092
90000,0.002100
110000,0.001692
130000,0.002320
150000,0.003162
