tamanho,tempo
10000,0.000116
30000,0.000357
50000,0.000595
70000,0.000830
90000,0.000493
110000,0.000601
130000,0.000711
150000,0.000832
