tamanho,tempo
10000,0.148598
30000,1.422531
50000,3.620638
70000,7.230936
90000,11.890454
110000,17.926063
130000,25.054294
150000,33.170525
