tamanho,tempo
10000,0.000219
30000,0.000559
50000,0.001008
70000,0.001035
90000,0.001331
110000,0.001688
130000,0.001922
150000,0.002375
