tamanho,tempo
10000,0.001511
30000,0.004774
50000,0.008219
70000,0.011796
90000,0.015301
110000,0.018910
130000,0.022293
150000,0.026290
