tamanho,tempo
10000,0.001514
30000,0.004790
50000,0.008289
70000,0.012136
90000,0.015370
110000,0.018956
130000,0.022319
150000,0.026252
