tamanho,tempo
10000,0.001341
30000,0.004221
50000,0.007230
70000,0.010638
90000,0.013896
110000,0.017033
130000,0.019967
150000,0.023485
