tamanho,tempo
10000,0.001007
30000,0.003283
50000,0.005657
70000,0.008180
90000,0.010690
110000,0.013262
130000,0.015705
150000,0.018569
