tamanho,tempo
10000,0.000901
30000,0.002843
50000,0.004866
70000,0.007143
90000,0.009263
110000,0.012184
130000,0.013847
150000,0.016265
