tamanho,tempo
10000,0.001041
30000,0.003402
50000,0.005907
70000,0.008373
90000,0.011100
110000,0.013640
130000,0.016024
150000,0.019054
