tamanho,tempo
10000,0.001009
30000,0.003289
50000,0.005676
70000,0.008225
90000,0.010918
110000,0.013336
130000,0.015777
150000,0.018579
