tamanho,tempo
10000,0.002160
30000,0.007002
50000,0.006334
70000,0.008346
90000,0.010915
110000,0.013515
130000,0.016011
150000,0.018886
