tamanho,tempo
10000,0.003957
30000,0.013837
50000,0.012494
70000,0.010847
90000,0.010139
110000,0.011802
130000,0.013676
150000,0.016142
