tamanho,tempo
10000,0.001055
30000,0.003347
50000,0.005805
70000,0.008306
90000,0.010922
110000,0.013477
130000,0.015855
150000,0.018814

